﻿<?xml version="1.0" encoding="utf-8"?>
<HelpKI>
  <HelpKINode Title="AccX enumeration member">
    <HelpKINode Title="FullIndexes Enumeration" Url="html/810d2003-e00c-7dfa-5989-2dc425df22ae.htm" />
    <HelpKINode Title="StdIndexes Enumeration" Url="html/58a3ab7f-73a1-6498-f7a9-84304cc53517.htm" />
  </HelpKINode>
  <HelpKINode Title="AccY enumeration member">
    <HelpKINode Title="FullIndexes Enumeration" Url="html/810d2003-e00c-7dfa-5989-2dc425df22ae.htm" />
    <HelpKINode Title="StdIndexes Enumeration" Url="html/58a3ab7f-73a1-6498-f7a9-84304cc53517.htm" />
  </HelpKINode>
  <HelpKINode Title="AccZ enumeration member">
    <HelpKINode Title="FullIndexes Enumeration" Url="html/810d2003-e00c-7dfa-5989-2dc425df22ae.htm" />
    <HelpKINode Title="StdIndexes Enumeration" Url="html/58a3ab7f-73a1-6498-f7a9-84304cc53517.htm" />
  </HelpKINode>
  <HelpKINode Title="Arti enumeration member">
    <HelpKINode Title="FullIndexes Enumeration" Url="html/810d2003-e00c-7dfa-5989-2dc425df22ae.htm" />
    <HelpKINode Title="QuatIndexes Enumeration" Url="html/255ba8ca-18b5-280a-610e-6e123159856e.htm" />
    <HelpKINode Title="StdIndexes Enumeration" Url="html/58a3ab7f-73a1-6498-f7a9-84304cc53517.htm" />
  </HelpKINode>
  <HelpKINode Title="connect method" Url="html/c5b579a9-f496-58a3-aa62-61909e081de0.htm" />
  <HelpKINode Title="DataReceivedHandler delegate" Url="html/89dd0886-aa0d-c368-f1c1-e4665a74cf47.htm" />
  <HelpKINode Title="Date enumeration member">
    <HelpKINode Title="FullIndexes Enumeration" Url="html/810d2003-e00c-7dfa-5989-2dc425df22ae.htm" />
    <HelpKINode Title="QuatIndexes Enumeration" Url="html/255ba8ca-18b5-280a-610e-6e123159856e.htm" />
    <HelpKINode Title="StdIndexes Enumeration" Url="html/58a3ab7f-73a1-6498-f7a9-84304cc53517.htm" />
  </HelpKINode>
  <HelpKINode Title="disconnect method" Url="html/a5ca35b0-33b9-8777-72f6-657047133dae.htm" />
  <HelpKINode Title="EogH enumeration member" Url="html/810d2003-e00c-7dfa-5989-2dc425df22ae.htm" />
  <HelpKINode Title="EogH1 enumeration member" Url="html/58a3ab7f-73a1-6498-f7a9-84304cc53517.htm" />
  <HelpKINode Title="EogH2 enumeration member" Url="html/58a3ab7f-73a1-6498-f7a9-84304cc53517.htm" />
  <HelpKINode Title="EogL enumeration member" Url="html/810d2003-e00c-7dfa-5989-2dc425df22ae.htm" />
  <HelpKINode Title="EogL1 enumeration member" Url="html/58a3ab7f-73a1-6498-f7a9-84304cc53517.htm" />
  <HelpKINode Title="EogL2 enumeration member" Url="html/58a3ab7f-73a1-6498-f7a9-84304cc53517.htm" />
  <HelpKINode Title="EogR enumeration member" Url="html/810d2003-e00c-7dfa-5989-2dc425df22ae.htm" />
  <HelpKINode Title="EogR1 enumeration member" Url="html/58a3ab7f-73a1-6498-f7a9-84304cc53517.htm" />
  <HelpKINode Title="EogR2 enumeration member" Url="html/58a3ab7f-73a1-6498-f7a9-84304cc53517.htm" />
  <HelpKINode Title="EogV enumeration member" Url="html/810d2003-e00c-7dfa-5989-2dc425df22ae.htm" />
  <HelpKINode Title="EogV1 enumeration member" Url="html/58a3ab7f-73a1-6498-f7a9-84304cc53517.htm" />
  <HelpKINode Title="EogV2 enumeration member" Url="html/58a3ab7f-73a1-6498-f7a9-84304cc53517.htm" />
  <HelpKINode Title="Full enumeration member" Url="html/29448936-2c30-2684-7323-c0e85b3d0216.htm" />
  <HelpKINode Title="FullIndexes enumeration" Url="html/810d2003-e00c-7dfa-5989-2dc425df22ae.htm" />
  <HelpKINode Title="GyroX enumeration member" Url="html/810d2003-e00c-7dfa-5989-2dc425df22ae.htm" />
  <HelpKINode Title="GyroY enumeration member" Url="html/810d2003-e00c-7dfa-5989-2dc425df22ae.htm" />
  <HelpKINode Title="GyuroZ enumeration member" Url="html/810d2003-e00c-7dfa-5989-2dc425df22ae.htm" />
  <HelpKINode Title="MemeTcpClient class">
    <HelpKINode Title="MemeTcpClient Class" Url="html/7d09535b-3231-c29f-19ec-7562f453cda1.htm" />
    <HelpKINode Title="about MemeTcpClient class" Url="html/7d09535b-3231-c29f-19ec-7562f453cda1.htm" />
    <HelpKINode Title="constructor" Url="html/3166c73f-87df-3283-2776-d209486316ec.htm" />
    <HelpKINode Title="events" Url="html/fbd798ad-7bda-4b84-82a0-b9e0e8f380f5.htm" />
    <HelpKINode Title="methods" Url="html/ad4ef2dd-569f-141b-92b2-f364e2c03d22.htm" />
  </HelpKINode>
  <HelpKINode Title="MemeTcpClient.connect method" Url="html/c5b579a9-f496-58a3-aa62-61909e081de0.htm" />
  <HelpKINode Title="MemeTcpClient.disconnect method" Url="html/a5ca35b0-33b9-8777-72f6-657047133dae.htm" />
  <HelpKINode Title="MemeTcpClient.MemeTcpClient constructor" Url="html/3166c73f-87df-3283-2776-d209486316ec.htm" />
  <HelpKINode Title="MemeTcpClient.onDataReceived event" Url="html/3e4ec2af-bea0-65de-872b-1256db6e391d.htm" />
  <HelpKINode Title="MemeTcpClientRuntime namespace" Url="html/90eef797-526d-bc4c-2aea-8c842a6ad79a.htm" />
  <HelpKINode Title="MemeTcpClientRuntime.DataReceivedHandler delegate" Url="html/89dd0886-aa0d-c368-f1c1-e4665a74cf47.htm" />
  <HelpKINode Title="MemeTcpClientRuntime.FullIndexes enumeration" Url="html/810d2003-e00c-7dfa-5989-2dc425df22ae.htm" />
  <HelpKINode Title="MemeTcpClientRuntime.MemeTcpClient class" Url="html/7d09535b-3231-c29f-19ec-7562f453cda1.htm" />
  <HelpKINode Title="MemeTcpClientRuntime.QuatIndexes enumeration" Url="html/255ba8ca-18b5-280a-610e-6e123159856e.htm" />
  <HelpKINode Title="MemeTcpClientRuntime.ReadMode enumeration" Url="html/29448936-2c30-2684-7323-c0e85b3d0216.htm" />
  <HelpKINode Title="MemeTcpClientRuntime.StdIndexes enumeration" Url="html/58a3ab7f-73a1-6498-f7a9-84304cc53517.htm" />
  <HelpKINode Title="Num enumeration member">
    <HelpKINode Title="FullIndexes Enumeration" Url="html/810d2003-e00c-7dfa-5989-2dc425df22ae.htm" />
    <HelpKINode Title="QuatIndexes Enumeration" Url="html/255ba8ca-18b5-280a-610e-6e123159856e.htm" />
    <HelpKINode Title="StdIndexes Enumeration" Url="html/58a3ab7f-73a1-6498-f7a9-84304cc53517.htm" />
  </HelpKINode>
  <HelpKINode Title="onDataReceived event" Url="html/3e4ec2af-bea0-65de-872b-1256db6e391d.htm" />
  <HelpKINode Title="Quatenion enumeration member" Url="html/29448936-2c30-2684-7323-c0e85b3d0216.htm" />
  <HelpKINode Title="QuatIndexes enumeration" Url="html/255ba8ca-18b5-280a-610e-6e123159856e.htm" />
  <HelpKINode Title="QuatW enumeration member" Url="html/255ba8ca-18b5-280a-610e-6e123159856e.htm" />
  <HelpKINode Title="QuatX enumeration member" Url="html/255ba8ca-18b5-280a-610e-6e123159856e.htm" />
  <HelpKINode Title="QuatY enumeration member" Url="html/255ba8ca-18b5-280a-610e-6e123159856e.htm" />
  <HelpKINode Title="QuatZ enumeration member" Url="html/255ba8ca-18b5-280a-610e-6e123159856e.htm" />
  <HelpKINode Title="ReadMode enumeration" Url="html/29448936-2c30-2684-7323-c0e85b3d0216.htm" />
  <HelpKINode Title="Standard enumeration member" Url="html/29448936-2c30-2684-7323-c0e85b3d0216.htm" />
  <HelpKINode Title="StdIndexes enumeration" Url="html/58a3ab7f-73a1-6498-f7a9-84304cc53517.htm" />
</HelpKI>
