﻿<?xml version="1.0" encoding="utf-8"?>
<HelpTOC>

  <HelpTOCNode Id="db1bdf49-c80a-4756-ad90-4184ce66a124" Title="MemeTcpClientRuntime" Url="html/90eef797-526d-bc4c-2aea-8c842a6ad79a.htm">
    <HelpTOCNode Title="DataReceivedHandler Delegate" Url="html/89dd0886-aa0d-c368-f1c1-e4665a74cf47.htm" />
    <HelpTOCNode Title="FullIndexes Enumeration" Url="html/810d2003-e00c-7dfa-5989-2dc425df22ae.htm" />
    <HelpTOCNode Id="85de7dae-3a79-4fdd-9eb0-5a13d6d3ff9e" Title="MemeTcpClient Class" Url="html/7d09535b-3231-c29f-19ec-7562f453cda1.htm">
      <HelpTOCNode Title="MemeTcpClient Constructor " Url="html/3166c73f-87df-3283-2776-d209486316ec.htm" />
      <HelpTOCNode Id="e466fb2f-74db-4953-82f1-fc518207940f" Title="MemeTcpClient Methods" Url="html/ad4ef2dd-569f-141b-92b2-f364e2c03d22.htm">
        <HelpTOCNode Title="connect Method " Url="html/c5b579a9-f496-58a3-aa62-61909e081de0.htm" />
        <HelpTOCNode Title="disconnect Method " Url="html/a5ca35b0-33b9-8777-72f6-657047133dae.htm" />
      </HelpTOCNode>
      <HelpTOCNode Id="14e14827-59d6-4314-8b2a-8b205fef682d" Title="MemeTcpClient Events" Url="html/fbd798ad-7bda-4b84-82a0-b9e0e8f380f5.htm">
        <HelpTOCNode Title="onDataReceived Event" Url="html/3e4ec2af-bea0-65de-872b-1256db6e391d.htm" />
      </HelpTOCNode>
    </HelpTOCNode>
    <HelpTOCNode Title="QuatIndexes Enumeration" Url="html/255ba8ca-18b5-280a-610e-6e123159856e.htm" />
    <HelpTOCNode Title="ReadMode Enumeration" Url="html/29448936-2c30-2684-7323-c0e85b3d0216.htm" />
    <HelpTOCNode Title="StdIndexes Enumeration" Url="html/58a3ab7f-73a1-6498-f7a9-84304cc53517.htm" />
  </HelpTOCNode>
</HelpTOC>
